Số điện thoại,Nhóm,Họ tên,Giới tính,Địa chỉ,Ngày sinh,Email
0971234567,CodeGym,Nguyễn Văn A,Nam,Mỹ Đình - Hà Nội,1989-01-01,vana@codegym.vn
0971234568,Bạn bè,Nguyễn Thị B,Nữ,Thanh Xuân - Hà Nội,1990-01-01,nguyenthib@codegym.vn
0971234569,Đồng nghiệp,Trần Đình C,Nam,Cầu Giấy - Hà Nội,1991-02-15,trandinhc@company.vn
0971234570,Gia đình,Lê Thị D,Nữ,Ba Đình - Hà Nội,1988-06-20,lethid@family.vn
0971234571,CodeGym,Phạm Văn E,Nam,Hoàn Kiếm - Hà Nội,1992-09-10,phamvane@codegym.vn
0971234572,Bạn bè,Hoàng Minh F,Nam,Đống Đa - Hà Nội,1993-03-25,hoangminhf@friends.vn
0971234573,Đồng nghiệp,Đỗ Thị G,Nữ,Tây Hồ - Hà Nội,1994-07-30,dothig@company.vn
0971234574,Gia đình,Vũ Văn H,Nam,Long Biên - Hà Nội,1985-11-12,vuvanh@family.vn
0971234575,CodeGym,Bùi Thanh I,Nữ,Thanh Trì - Hà Nội,1996-05-05,buithanhi@codegym.vn
0971234576,Bạn bè,Ngô Quang J,Nam,Hai Bà Trưng - Hà Nội,1987-12-22,ngoquangj@friends.vn
0971234577,Đồng nghiệp,Trịnh Văn K,Nam,Hoàng Mai - Hà Nội,1998-04-18,trinhvank@company.vn
0971234578,Gia đình,Phan Thị L,Nữ,Sóc Sơn - Hà Nội,1999-10-01,phanthil@family.vn
0971234579,CodeGym,Dương Văn M,Nam,Đông Anh - Hà Nội,1986-08-08,duongvanm@codegym.vn
0971234580,Bạn bè,Lý Minh N,Nam,Chương Mỹ - Hà Nội,1995-06-13,lyminhn@friends.vn
0971234581,Đồng nghiệp,Trương Thị O,Nữ,Hà Đông - Hà Nội,2000-01-07,truongthio@company.vn
0971234582,Gia đình,Nguyễn Văn P,Nam,Phú Xuyên - Hà Nội,1984-03-19,nguyenvanp@family.vn
0971234583,CodeGym,Đào Thị Q,Nữ,Ứng Hòa - Hà Nội,1983-09-22,daothiq@codegym.vn
0971234584,Bạn bè,Tạ Quang R,Nam,Thường Tín - Hà Nội,1982-07-25,taquangr@friends.vn
0971234585,Đồng nghiệp,Nguyễn Thị S,Nữ,Thanh Oai - Hà Nội,1997-02-14,nguyenthis@company.vn
0971234586,Gia đình,Phạm Văn T,Nam,Hoài Đức - Hà Nội,1991-11-11,phamvant@family.vn
0971234587,CodeGym,Lưu Văn U,Nam,Đan Phượng - Hà Nội,1990-05-09,luuvanu@codegym.vn
0971234588,Bạn bè,Cao Thị V,Nữ,Quốc Oai - Hà Nội,1994-10-17,caothiv@friends.vn
0971234589,Đồng nghiệp,Trịnh Đình W,Nam,Mê Linh - Hà Nội,1989-12-29,trinhdinhw@company.vn
0971234590,Gia đình,Đặng Văn X,Nam,Bắc Từ Liêm - Hà Nội,1995-08-23,dangvanx@family.vn
0971234591,CodeGym,Lê Minh Y,Nữ,Nam Từ Liêm - Hà Nội,1993-04-02,leminhy@codegym.vn
0971234592,Bạn bè,Nguyễn Văn Z,Nam,Hà Nam,1981-07-04,nguyenvanz@friends.vn
0971234593,Đồng nghiệp,Trần Thị AA,Nữ,Ninh Bình,1985-03-30,tranthiaa@company.vn
0971234594,Gia đình,Vũ Văn BB,Nam,Hải Dương,1992-09-19,vuvanbb@family.vn
0971234595,CodeGym,Hoàng Thị CC,Nữ,Hải Phòng,1998-11-27,hoangthicc@codegym.vn
0971234596,Bạn bè,Phan Quang DD,Nam,Thái Bình,1996-05-08,phanquangdd@friends.vn
